{
    "accuracy": 0.8478260869565217,
    "confusion_matrix": [
        [
            65,
            17
        ],
        [
            11,
            91
        ]
    ],
    "classification_report": {
        "0": {
            "precision": 0.8552631578947368,
            "recall": 0.7926829268292683,
            "f1-score": 0.8227848101265823,
            "support": 82.0
        },
        "1": {
            "precision": 0.8425925925925926,
            "recall": 0.8921568627450981,
            "f1-score": 0.8666666666666667,
            "support": 102.0
        },
        "accuracy": 0.8478260869565217,
        "macro avg": {
            "precision": 0.8489278752436646,
            "recall": 0.8424198947871833,
            "f1-score": 0.8447257383966245,
            "support": 184.0
        },
        "weighted avg": {
            "precision": 0.8482392575642004,
            "recall": 0.8478260869565217,
            "f1-score": 0.8471106219042378,
            "support": 184.0
        }
    }
}